,チーム名
yamake,Hypertext Assasins
motoshira,Homy Jabirus
cplusplusonly,Hypertext Assasins
yas_yasyu,へびつかい
edomondo,ネバーギブアップの掟
shu8Cream,Homy Jabirus
hotpepsi,Hypertext Assasins
kokatsu,チョコ零個焼きなます！
donphan,へびつかい
jaku,Homy Jabirus
2bit,TheCodeGang5
ssaattoo,チョコ零個焼きなます！
ainem,運営
michirakara,へびつかい
yu_w,Homy Jabirus
tardigrade,ネバーギブアップの掟
r3yohei,チョコ零個焼きなます！
june193,ネバーギブアップの掟
meowmeowcats,TheCodeGang5
tnodino,へびつかい
brthyyjp,Homy Jabirus
gootara,へびつかい
midnq,へびつかい
ntk_ta01,チョコ零個焼きなます！
platinum,Hypertext Assasins
keroru,ネバーギブアップの掟
highjump,ネバーギブアップの掟
ococonomy1,チョコ零個焼きなます！
jamuojisan,ネバーギブアップの掟
utprg,TheCodeGang5
tmikada,TheCodeGang5
